<window>
	<defaultcontrol always="true">102</defaultcontrol>
	<allowoverlay>yes</allowoverlay>
	<controls>
		<control type="group" id="9000">
			<posx>440</posx>
			<posy>130</posy>
			<control type="image">
				<description>background top image</description>
				<posx>0</posx>
				<posy>0</posy>
				<width>400</width>
				<height>30</height>
				<texture border="20,19,20,0">DialogContextTop.png</texture>
			</control>
			<control type="image" id="100">
				<description>background image</description>
				<posx>0</posx>
				<posy>30</posy>
				<width>400</width>
				<height>400</height>				
				<aligny>center</aligny>				
				<texture border="25,5,25,5">DialogContextMiddle.png</texture>
			</control>
			<control type="image" id="101">
				<description>background bottom image</description>
				<posx>0</posx>
				<posy>430</posy>				
				<width>400</width>
				<height>25</height>
				<texture border="20,0,19,20">DialogContextBottom.png</texture>
			</control>
			<control type="label">
				<posx>0</posx>
				<posy>15</posy>
				<width>400</width>
				<height>30</height>				
				<font>font13_title</font>
				<label>Select Menu</label>
				<align>center</align>
				<textcolor>selected</textcolor>
				<shadowcolor>black</shadowcolor>
			</control>
			<control type="list" id="102">
				<posx>30</posx>
				<posy>55</posy>
				<width>360</width>
				<height>320</height>						<!--Change Property ItemHeight * MAX_ITEM(12) -->
				<itemlayout width="320" height="40" >
					<control type="image">
						<posx>0</posx>
						<posy>1</posy>
						<width>340</width>
						<height>38</height>
						<texture border="5">button-nofocus.png</texture>
					</control>
					<control type="label">
						<posx>165</posx>
						<posy>0</posy>
						<width>340</width>
						<height>38</height>
						<font>font12</font>
						<align>center</align>
						<aligny>center</aligny>
						<textcolor>white</textcolor>
						<label>$INFO[ListItem.Label]</label>
					</control>		
				</itemlayout>
				<focusedlayout width="320" height="40">
					<control type="image">
						<posx>0</posx>
						<posy>1</posy>
						<width>340</width>
						<height>38</height>
						<texture border="5">button-focus.png</texture>
					</control>
					<control type="label">
						<posx>165</posx>
						<posy>0</posy>
						<width>340</width>
						<height>38</height>
						<font>font12</font>
						<align>center</align>
						<aligny>center</aligny>
						<textcolor>white</textcolor>
						<label>$INFO[ListItem.Label]</label>
						<scroll>true</scroll>
					</control>
				</focusedlayout>
			</control>
			<control type="image">
				<posx>112</posx>
				<posy>395</posy>
				<width>180</width>
				<height>40</height>				
				<texture>logo.png</texture>
			</control>
			<control type="label" id="103">
				<posx>40</posx>
				<posy>320</posy>
				<width>320</width>
				<height>30</height>				
				<font>font12</font>
				<label>$INFO[ListItem.Label]</label>
				<align>left</align>
				<textcolor>red</textcolor>
			</control>
			<control type="label" id="104">
				<posx>40</posx>
				<posy>350</posy>
				<width>320</width>
				<height>30</height>				
				<font>font12</font>
				<label>$INFO[ListItem.Label]</label>
				<align>left</align>
				<textcolor>blue</textcolor>
			</control>
		</control>
	</controls>
</window>
