﻿<?xml version="1.0" encoding="UTF-8" standalone="yes"?>
<addon id="plugin.program.sfcam"
       name="sfcam"
       version="1.0.1"
       provider-name="SFteam">
    <requires>
        <import addon="xbmc.python" version="1.0"/>
    </requires>
    <extension point="xbmc.python.pluginsource" library="default.py">
        <provides>executable</provides>
    </extension>
    <extension point="xbmc.addon.metadata">
        <platform>all</platform>
        <summary lang="en">SFcam Control Plugin</summary>
        <description lang="en">SFcam Control Plugin</description>
        <summary lang="es">SFcam Control Plugin</summary>
        <description lang="es">SFcam Control Plugin</description>
    </extension>
</addon>
